producto,categoria,cantidad
Portarrollos Aries tapa,Accesorio baño,1
Percha individual Aries,Accesorio baño,1
Percha doble Aries,Accesorio baño,1
Toallero 40 cm Aries,Accesorio baño,1
Portarrollos vertical Aries,Accesorio baño,1
Percha individual Cristal,Accesorio baño,3
Percha doble Cristal,Accesorio baño,2
Portarrollos sin tapa Cristal,Accesorio baño,1
Toallero perpendicular Cristal,Accesorio baño,1
Toallero barra 40 Cristal,Accesorio baño,4
Aro toallero Cristal,Accesorio baño,2
Portarrollos Bahía tapa Ref2240208,Accesorio baño,3
Toallero repisa Bahía,Accesorio baño,1
Asa estriada 35 cm Bahía,Accesorio baño,6
Portarrollos Bali con repisa,Accesorio baño,1
Percha Bahía oro rosa,Accesorio baño,1
Anilla oro rosa,Accesorio baño,2
Escobillero redondo oro rosa,Accesorio baño,1
Portarrollos oro rosa con tapa,Accesorio baño,1
Percha 3 pomos Bahía,Accesorio baño,3
Toallero 40 cm oro rosa,Accesorio baño,1
Portarrollos vertical arena,Accesorio baño,1
Barra toallero 40 cm Leo,Accesorio baño,4
Barra toallero 50 cm Leo,Accesorio baño,1
Toallero perpendicular Leo,Accesorio baño,5
Portarrollos aux Leo,Accesorio baño,1
Percha individual Leo,Accesorio baño,4
Percha individual garra Leo,Accesorio baño,5
Percha doble Leo,Accesorio baño,1
Percha triple Leo,Accesorio baño,2
Aro toallero Leo,Accesorio baño,3
Portarrollos con tapa Leo,Accesorio baño,1
Percha 4 pomos Leo,Accesorio baño,2
Escobillero Ref40J1 Leo,Accesorio baño,1
Barra toallero 25 cm Tau,Accesorio baño,1
Barra toallero 35 cm Tau,Accesorio baño,4
Barra toallero 45 cm Tau,Accesorio baño,2
Toallero perpendicular Tau,Accesorio baño,2
Portarrollos aux vertical Tau,Accesorio baño,2
Percha individual Tau,Accesorio baño,4
Barra toallero Tau 55 cm,Accesorio baño,1
Portarrollos con tapa Tau,Accesorio baño,1
Aro toallero Tau,Accesorio baño,2
Jabonera esquina doble,Accesorio baño,2
Jabonera esquina Ref6001701,Accesorio baño,3
Jabonera esquina Ref6001201,Accesorio baño,1
Esquinera Ref60021,Accesorio baño,1
Jabonera recta doble,Accesorio baño,1
Jabonera JR18 Ref60018,Accesorio baño,5
Jabonera JR19 Ref60019,Accesorio baño,3
Jabonera JR12 Ref60012,Accesorio baño,1
Jabonera JR17 Ref60017,Accesorio baño,3
Jabonera JR22 Ref60022-09 oro rosa,Accesorio baño,1
Esquinera oro Ref60870,Accesorio baño,1
Jabonera Ref60024,Accesorio baño,1
Escobillero solo Rollos Ref4317,Accesorio baño,1
Jabonera Ref60020,Accesorio baño,2
Limpia mamparas,Limpieza,2
Escobillero silicona,Accesorio baño,2
Espejo pared 5 aumentos,Espejo,1
Espejo pared rectangular 3 aumentos,Espejo,1
Toallero mueble Ref500701,Accesorio baño,1
Toallero mueble C02,Accesorio baño,7
Toallero Sensa 50 cm C02,Accesorio baño,1
Toallero Sensa 40 cm,Accesorio baño,1
Portarrollos pie redondo,Accesorio baño,4
Portarrollos pie cuadrado,Accesorio baño,1
Portarrollos económico pie recto,Accesorio baño,1
Esquinera GME,Accesorio baño,3
Jabonera barra GME,Accesorio baño,5
Jabonera Luna Mediterránea,Accesorio baño,3
Anilla Luna Mediterránea,Accesorio baño,2
1/2 barra Paladio Que Baño,Accesibilidad,1
Toallero hotel negro cromados modernos,Accesorio baño,1
Sion cromo bañera,Grifería,1
Sion cromo lavabo,Grifería,2
Rhio cromo lavabo,Grifería,2
Mio cromo lavabo,Grifería,2
Marriot cromo lavabo,Grifería,2
Orion cromo lavabo,Grifería,2
Jony cromo lavabo,Grifería,2
Cassio cromo lavabo,Grifería,1
Cassio cromo blanco lavabo,Grifería,2
Cassio blanco lavabo,Grifería,1
Cassio titanio lavabo,Grifería,1
Zio cromo lavabo,Grifería,1
Fossion cromo lavabo,Grifería,1
Sirio ducha cromo,Grifería,2
Round cocina acero,Grifería,2
Round cocina cromo,Grifería,1
Noah cocina acero,Grifería,3
Espejo Dupach Ø100 negro con luz,Espejo,1
Espejo Organic 90 cm,Espejo,1
Espejo Royo conjunto DAI,Espejo,1
Espejo camerino baño,Espejo,1
Espejo Euro21 blanco,Espejo,1
Espejo Gota con focos redondos,Espejo,1
Mueble Ballet Royo encimera sólida 90 cm,Mueble,1
Mueble Markantio Oliva 80 cm,Mueble,1
Mueble Attila Salgar 80 cm,Mueble,1
Mueble Dos de Tres negro mate 100 cm,Mueble,1
Mueble Euro21 modelo Moscu 120 cm,Mueble,1
Mueble Salgar Mod Unik 60 cm,Mueble,1
Mueble Salgar Tono Nude,Mueble,1
Mueble Dai Royo 80 cm,Mueble,1
Mueble Essence Hidratto 100 cm,Mueble,1
Inodoro Gap Rimless,Sanitario,1
Inodoro Meridian,Sanitario,1
Barra Que Baño 1/2,Accesibilidad,1
Silla asas,Accesibilidad,1
Asidera 35 cm,Accesibilidad,1
Asidera 40 cm,Accesibilidad,1
Flexus PVC,Instalación,5
Flexus inox,Instalación,4
Válvula clic clac,Instalación,1
Cesta colgar grifos,Accesorio baño,1
Escobillero resina arena granito,Accesorio baño,1
Escobillero blanco madera,Accesorio baño,1
Escobillero mármol,Accesorio baño,1
Escobillero cristal coral,Accesorio baño,1
Escobillero negro madera,Accesorio baño,1
Escobillero aluminio cuadrado,Accesorio baño,1
Escobillero redondo inox blanco,Accesorio baño,1
Escobillero redondo inox plata,Accesorio baño,1
Escobillero redondo inox negro,Accesorio baño,0
Escobillero redondo inox GRO,Accesorio baño,1
Espejo base con luz,Espejo,1
Dosificador resina arena granito,Accesorio baño,1
Jabonera resina arena trenzado,Accesorio baño,3
Dosificador mármol,Accesorio baño,1
Dosificador arena granito,Accesorio baño,1
Jabonera arena trenzado,Accesorio baño,1
Dosificador blanco trenzado,Accesorio baño,2
Dosificador negro madera,Accesorio baño,3
Vaso negro madera,Accesorio baño,1
Dosificador inox blanco,Accesorio baño,1
Dosificador inox plata,Accesorio baño,1
Vaso cristal inox,Accesorio baño,2
Vaso inox,Accesorio baño,1
Vaso inox negro,Accesorio baño,1
Toallero repisa pequeño,Accesorio baño,1
Portarrollos pie redondo inox,Accesorio baño,1
Portarrollos pie rectangular inox,Accesorio baño,1
Escobillero inox leo,Accesorio baño,1
Escobillero inox eco,Accesorio baño,1
Vaso piedra,Accesorio baño,1
Dosificador piedra,Accesorio baño,1
Escobillero leo pared adhesivo,Accesorio baño,1
Vaso redondo cerámica,Accesorio baño,1
Dosificador blanco nácar,Accesorio baño,1
Vaso blanco nácar,Accesorio baño,1
Leo negro portarrollos vertical,Accesorio baño,1
Leo negro toallero pared,Accesorio baño,1
Leo negro aro toallero,Accesorio baño,1
Leo negro portarrollos,Accesorio baño,1
Percha negra,Accesorio baño,1
Aro tau,Accesorio baño,1
Aro leo cristal,Accesorio baño,1
Portarrollos repisa,Accesorio baño,1
Barra inverter R,Accesorio baño,3
Barra inverter C,Accesorio baño,1
Barra Casso,Accesorio baño,1
Silver cocina cromo,Grifería,1
Cassio alto lavabo cromo,Grifería,2
Sirio alto lavabo níquel,Grifería,1
Sirio alto lavabo oro,Grifería,1
Dior cocina cromo,Grifería,1
Sirio lavabo níquel,Grifería,2
Sirio alto lavabo blanco,Grifería,1
Sirio lavabo oro,Grifería,1
Dior lavabo cromo,Grifería,1
Fussion ducha cromo,Grifería,1
Orion ducha cromo,Grifería,2
Marriot ducha cromo,Grifería,1
Grifo oro Luvibath,Grifería,2
Grifo lavabo negro Alpha (Salgar),Grifería,1
Espejo sobremesa redondo,Espejo,1
Espejo sobremesa rectangular,Espejo,1
Espejo sobremesa con luz,Espejo,1
Espejo aumento pared,Espejo,1
Espejo Fur con luz y antivaho,Espejo,1
Espejo óvalo,Espejo,1
Espejo repisa negro,Espejo,1
